,Lig_smiles,Sub_name,Yield_pred
0,CC(C)(C1=CC(P(C2=CC(C(C)(C)C)=C(OC)C(C(C)(C)C)=C2)C3=C(C4=C(P(C5=CC(C(C)(C)C)=C(OC)C(C(C)(C)C)=C5)C6=CC(C(C)(C)C)=C(OC)C(C(C)(C)C)=C6)C=CC7=C4OCO7)C8=C(OCO8)C=C3)=CC(C(C)(C)C)=C1OC)C,alpha-tetralone,139.588402184405
3,C1(P(C2=CC=CC3=C2OC4=C(C=CC=C4P(C5=CC=CC=C5)C6=CC=CC=C6)N3)C7=CC=CC=C7)=CC=CC=C1,alpha-tetralone,104.93948170804812
22,FC(C1=CC(C(F)(F)F)=CC(P(C2=CC(C(F)(F)F)=CC(C(F)(F)F)=C2)C3=CC(C(F)(F)F)=CC(C(F)(F)F)=C3)=C1)(F)F,alpha-tetralone,84.78015281765744
71,CCCCCCCCP(CCCCCCCC)CCCCCCCC,alpha-tetralone,71.89406092476837
56,C12CC(CC(C3)(PC45CC6CC(CC(C5)C6)C4)C2)CC3C1,alpha-tetralone,56.7191441035376
20,O=C(O)CCP(CCC(O)=O)CCC(O)=O.Cl,alpha-tetralone,55.33827193555116
24,C12=CC=CC(P(C3=CC=CC4=C3C=CC=C4)C5=CC=CC6=C5C=CC=C6)=C1C=CC=C2,alpha-tetralone,54.47964075628167
69,CC(P(C1=CC(C)=CC(C)=C1)C2=CC(C)=CC(C)=C2)CC(C)P(C3=CC(C)=CC(C)=C3)C4=CC(C)=CC(C)=C4,alpha-tetralone,49.84020391264255
52,C1(P(C2=CC=CC=C2)C3=CC=CC=C3)=CC(C=CC4=C5C(C=C6)=CC=C4)=C5C6=C1,alpha-tetralone,49.19064098632481
43,C1(P(C2=CC=CC=C2)CCCCCP(C3=CC=CC=C3)C4=CC=CC=C4)=CC=CC=C1,alpha-tetralone,45.11582910188064
7,CC(N(C)C)C1=CC=C[C-]1P(C2=CC=CC=C2)C3=CC=CC=C3.C4(P(C5=CC=CC=C5)[C-]6C=CC=C6)=CC=CC=C4.[Fe+2],alpha-tetralone,42.50672154328308
55,CC1=CC(C)=CC(P(C2=CC(C)=CC(C)=C2)C3=C(C4=C(P(C5=CC(C)=CC(C)=C5)C6=CC(C)=CC(C)=C6)C=CC7=C4OCO7)C8=C(OCO8)C=C3)=C1,alpha-tetralone,41.94530420287053
70,CCCCCCP(CCCCCC)CCCCCC,alpha-tetralone,41.17399724168061
48,C1(P(CCCCCCP(C2=CC=CC=C2)C3=CC=CC=C3)C4=CC=CC=C4)=CC=CC=C1,alpha-tetralone,35.28681156919939
40,C[N+]1(CCCC1)CC(C=C2)=CC=C2P(C3=CC=CC=C3)C4=CC=CC=C4.[Br-],alpha-tetralone,34.568455620268274
4,C1(P(C2=CC=CC=C2)[C-]3C=CC=C3C4=CC=C[C-]4P(C5=CC=CC=C5)C6=CC=CC=C6)=CC=CC=C1.[CH-]7C=CC=C7.[Fe+2].[Fe+2].C8=CC=C[CH-]8,alpha-tetralone,32.28196923646674
1,C12=C(C(C3=C(P(C4=CC=CC=C4)C5=CC=CC=C5)C=CC6=C3OCO6)=C(P(C7=CC=CC=C7)C8=CC=CC=C8)C=C2)OCO1,alpha-tetralone,32.12125968257562
45,CC(C1=CC=C[C-]1P(C2=CC=CC=C2)C3=CC=CC=C3)N(C)C.[CH-]4C=CC=C4.[Fe+2],alpha-tetralone,31.08075272648423
9,COC1=C(C2=C(P(C3=CC=CC=C3)C4=CC=CC=C4)C=CC5=CC=CC=C52)C6=CC=CC=C6C=C1,alpha-tetralone,28.75512529469161
65,FC1=C(F)C(F)=C(F)C(P(C2=CC=CC=C2)C3=CC=CC=C3)=C1F,alpha-tetralone,24.059172490192555
54,CN(C(C=C1)=CC=C1P(C2=CC=CC=C2)C3=CC=CC=C3)C,alpha-tetralone,22.1977272766262
41,ClC(C=C1)=CC=C1P(C2=CC=C(Cl)C=C2)C3=CC=C(Cl)C=C3,alpha-tetralone,18.815671596585663
33,C1(P(C2=CC=CC=C2)C3=CC=CC=C3)=NC=CC=C1,alpha-tetralone,18.23260401058369
36,O=CC1=CC=CC=C1P(C2=CC=CC=C2)C3=CC=CC=C3,alpha-tetralone,18.080477713551755
34,OC(C(C=C1)=CC=C1P(C2=CC=CC=C2)C3=CC=CC=C3)=O,alpha-tetralone,17.298945697917976
42,CC1=CC(C)=CC(P(C2=CC(C)=CC(C)=C2)C3=C(C4=C(P(C5=CC(C)=CC(C)=C5)C6=CC(C)=CC(C)=C6)C=CC7=CC=CC=C74)C8=CC=CC=C8C=C3)=C1,alpha-tetralone,16.708757916221607
14,N#CC1=CC=CC=C1P(C2=CC=CC=C2)C3=CC=CC=C3,alpha-tetralone,16.476322622560964
10,O=C(O)C1=CC=CC=C1P(C2=CC=CC=C2)C3=CC=CC=C3,alpha-tetralone,14.389623791027796
13,C1(C2=CC=CC=C2P(C3=CC=CC=C3)C4=CC=CC=C4)=CC=CC=C1,alpha-tetralone,12.361021835757306
29,CC1(C)C2=C(OC3=C1C=CC=C3P(C4CCCCC4)C5CCCCC5)C(P(C6CCCCC6)C7CCCCC7)=CC=C2,alpha-tetralone,9.431047003018705
44,C1(P(C2=CC=CC=C2)/C=C/P(C3=CC=CC=C3)C4=CC=CC=C4)=CC=CC=C1,alpha-tetralone,4.51554867359722
64,CC(C)(C)P(C(C)(C)C)C/C=C(C)/C,alpha-tetralone,3.36642738830016
57,NCCCP(C1=CC=CC=C1)C2=CC=CC=C2,alpha-tetralone,1.041823572289431
61,CC12CC3(OC(CC(O1)(P3C4=CC=CC=C4)C)(O2)C)C,alpha-tetralone,0.3735118760758737
23,CC1=CC=C(P(C2=C(C3=C(P(C4=CC=C(C)C=C4)C5=CC=C(C)C=C5)C=CC6=CC=CC=C63)C7=CC=CC=C7C=C2)C8=CC=C(C)C=C8)C=C1,alpha-tetralone,-1.4017077780072782
31,C1(CCCCC1)P(C2=CC=CC=C2)C3=CC=CC=C3,alpha-tetralone,-3.756131688115176
47,CP(C)C,alpha-tetralone,-4.487342519087079
39,CC(C)P(C1=CC=CC=C1)C2=CC=CC=C2,alpha-tetralone,-4.844152666023135
19,COC1=CC=CC(P(C2=CC=CC=C2)C3=CC=CC=C3)=C1C4=C(P(C5=CC=CC=C5)C6=CC=CC=C6)C=CC=C4OC,alpha-tetralone,-5.96042089970171
12,CC(P(C(C)(C)C)C1=C(N2N=C(C3=CC=CC=C3)C=C2C4=CC=CC=C4)C=CC=C1)(C)C,alpha-tetralone,-7.122073020898398
18,CC(C)C1=C(C(C(C)C)=CC(C(C)C)=C1)C2=C(C=CC(OC)=C2P(C3CCCCC3)C4CCCCC4)OC,alpha-tetralone,-7.393598569152729
53,C1(P(C2CCCCC2)C3CCCCC3)=CC=CC=C1,alpha-tetralone,-9.448341213787629
21,CCP(CC)CC,alpha-tetralone,-10.170130573883997
38,CCP(C1=CC=CC=C1)C2=CC=CC=C2,alpha-tetralone,-11.387749493591189
11,CN(C1=CC=CC=C1C2=CC=CC=C2P(C3CCCCC3)C4CCCCC4)C,alpha-tetralone,-15.852959458717775
8,CCCP(C1=CC=CC=C1)C2=CC=CC=C2,alpha-tetralone,-16.186121039924288
68,CC(P(C1=CC=C(N(C)C)C=C1)C2=CC=C(N(C)C)C=C2)CC(C)P(C3=CC=C(N(C)C)C=C3)C4=CC=C(N(C)C)C=C4,alpha-tetralone,-17.091887540798837
6,FC1=C(F)C(F)=C(F)C(F)=C1P(C2=C(F)C(F)=C(F)C(F)=C2F)C3=CC=CC=C3,alpha-tetralone,-17.285962290924843
28,FC1=C(F)C(F)=C(F)C(F)=C1P(C2=C(F)C(F)=C(F)C(F)=C2F)CCP(C3=C(F)C(F)=C(F)C(F)=C3F)C4=C(F)C(F)=C(F)C(F)=C4F,alpha-tetralone,-17.40986718980031
66,C/C(P(C1CCCCC1)C2CCCCC2)=C(C3=CC=CC=C3)\C4=CC=CC=C4,alpha-tetralone,-18.06423535370567
27,COC1=CC=CC=C1P(C2=CC=CC=C2)CCP(C3=CC=CC=C3OC)C4=CC=CC=C4,alpha-tetralone,-19.17379492770995
35,CC(C)(C)P(C1=CC=CC=C1)C(C)(C)C,alpha-tetralone,-19.90828843225169
2,CC(P(C(C)C)[C-]1C=CC=C1)C.CC(P(C(C)C)[C-]2C=CC=C2)C.[Fe+2],alpha-tetralone,-22.18734072971877
37,CC1=C(C2=CC=CC=C2P(C3CCCCC3)C4CCCCC4)C=CC=C1,alpha-tetralone,-25.250153209823296
59,CC(C)(C)P(C(C)(C)C)C(C)(C)C,alpha-tetralone,-28.455613882711816
32,CCP(C1=CC=CC=C1)CC,alpha-tetralone,-31.55766713414264
17,CC(C1=C(C2=C(OC)C=CC(OC)=C2P(C(C)(C)C)C(C)(C)C)C(C(C)C)=CC(C(C)C)=C1)C,alpha-tetralone,-34.76755497704854
25,C/C(P(C(C)(C)C)C(C)(C)C)=C(C1=CC=CC=C1)/C2=CC=CC=C2,alpha-tetralone,-41.97099762999286
62,CC(P(C1=CC=CC=C1)C2=CC=CC=C2)C(P(C3=CC=CC=C3)C4=CC=CC=C4)C,alpha-tetralone,-43.46712171409833
46,C1(P(C2=CC=CS2)C3=CC=CS3)=CC=CS1,alpha-tetralone,-43.75889010871912
50,BrC1=CC=CC=C1P(C2=CC=CC=C2)C3=CC=CC=C3,alpha-tetralone,-47.707932815315495
63,CC(C)(P(C(C)(C)C)C1=CC=C(N(C)C)C=C1)C,alpha-tetralone,-49.10569832098738
67,O=S(C1=CC=CC(P(C2=CC=CC=C2)C3=CC=CC=C3)=C1)([O-])=O.[Na+],alpha-tetralone,-50.78969020106273
30,ClP(C1=CC=CC=C1)C2=CC=CC=C2,alpha-tetralone,-51.34478089888375
26,CP(CCP(C)C)C,alpha-tetralone,-51.358463485572535
58,CC(P(C1CCCCC1)C2CCCCC2)C3=CC=C[C-]3P(C4=CC=CC=C4)C5=CC=CC=C5.[CH-]6C=CC=C6.[Fe+2],alpha-tetralone,-53.21407234843897
15,CC(C1=CC(C(C)C)=C(C2=CC=CC=C2P(C(C)(C)C)C(C)(C)C)C(C(C)C)=C1)C,alpha-tetralone,-57.04472159770912
5,C12CC(C(P(C3=CC=CC=C3)C4=CC=CC=C4)C2P(C5=CC=CC=C5)C6=CC=CC=C6)C=C1,alpha-tetralone,-62.34430669658567
49,CC(C)(C)P([C-]1C=CC=C1)C(C)(C)C.CC(C)(C)P([C-]2C=CC=C2)C(C)(C)C.[Fe+2],alpha-tetralone,-63.804554315835496
60,FC1=C(C(F)=C(C(F)=C1P(C2=C(F)C(F)=C(F)C(F)=C2F)C3=C(C(F)=C(C(F)=C3F)F)F)F)F,alpha-tetralone,-63.86215842785713
16,CC(P(C(C)(C)C)C(C)(C)C)C1=CC=C[C-]1P(C2=CC=CC=C2)C3=CC=CC=C3.[CH-]4C=CC=C4.[Fe+2],alpha-tetralone,-92.32744053076844
51,ClP([C-]1C=CC=C1)Cl.ClP([C-]2C=CC=C2)Cl.[Fe+2],alpha-tetralone,-248.0257426919996
